{
  "project_info": {
    "project_number": "806747703607",
    "firebase_url": "https://mlb-sys-fuel.firebaseio.com",
    "project_id": "mlb-sys-fuel",
    "storage_bucket": "mlb-sys-fuel.appspot.com"
  },
  "client": [
    {
      "client_info": {
        "mobilesdk_app_id": "1:806747703607:android:f006c7fcae0a570d7e32b2",
        "android_client_info": {
          "package_name": "com.mlbsys.fodi.merchant.fuel"
        }
      },
      "oauth_client": [
        {
          "client_id": "806747703607-p43tqbllt0kktlc498kkh8nmech9osdo.apps.googleusercontent.com",
          "client_type": 3
        }
      ],
      "api_key": [
        {
          "current_key": "AIzaSyANRUAr-K6uvksjV3YDCcA1ZWaVSYVpcXg"
        }
      ],
      "services": {
        "appinvite_service": {
          "other_platform_oauth_client": [
            {
              "client_id": "806747703607-p43tqbllt0kktlc498kkh8nmech9osdo.apps.googleusercontent.com",
              "client_type": 3
            }
          ]
        }
      }
    }
  ],
  "configuration_version": "1"
}